{
    "model_type": "patchcore",
    "baseline_threshold": 0.059511344879865646,
    "patchcore_threshold": 3.513550931745483
}