{
    "model_type": "patchcore",
    "baseline_threshold": 0.08341530710458755,
    "patchcore_threshold": 2.3260819375656996
}