{
    "model_type": "patchcore",
    "baseline_threshold": -0.10316740721464157,
    "patchcore_threshold": 8.431498186205706
}