{
    "model_type": "patchcore",
    "baseline_threshold": -0.06538555771112442,
    "patchcore_threshold": 1.2466583198981633
}